[
  {
    "_id": {
      "$oid": "63b442742af82ea551db2445"
    },
    "description": "MODCrates is a imagined product that was created for the project management module in the 4th semester. The idea behind the product is a variety of modular kitchen units that can be put together as needed. Furthermore, the kitchen modules are able to keep track of the grocceries inside of them and can provide valuable information and recepies based on them. The goal of this project was to train our skills on the things we’ve learned in the previous semesters and to work and coordinate ourself in a project for a whole semester. My role was the “Project Leader”, so I had to keep track of all the task we had to do, assaing them and make sure we’re on schedule. To deal with this I used Notion as a project management tool to keep track of everyting. We used a Kanban board to manage the task and had serveral ressoruce pages where we stored valuable information for the project. Besides the task as a project leader I also worked on the UI design for the website and the app of the product. Here we used Figma as a protoyping tool.",
    "image_url": "./static/img/modcrates.jpg",
    "link": "https://youtube.de",
    "short": "MODCrates is a imagined product that was created for the project management module in the 4th semester. The idea behind the product is a variety of modular kitchen units that can be put together as needed.",
    "title": "MODCrates",
    "date": "07.07.2022"
  },
  {
    "_id": {
      "$oid": "63b59e7c5b764869ea0f940f"
    },
    "description": "This project was part of the 4th semester at HS-Harz, and the task was to create an android app using Java and Android Studio. I decided to build a fictional pizza app where users can create and customize their own pizzas and order them afterwards. The app allows users to select the type of crust, sauce, and toppings for their pizza, and it calculates the total price based on their choices. The pizza can also be saved and stored in a database (SQLite), so it can be ordered again at a later time. Working on this project was a great opportunity for me to improve and practice my skills in Java and general programming. I learned how to use Android Studio and build a user-friendly and functional app that is easy to use. I also gained experience with database design and implementation, which is an important skill for any software developer. Overall, I am proud of the work I did on this project and the positive feedback I received from my classmates and instructors. It was a great learning experience for me, and I am excited to continue developing my skills and working on similar projects in the future.",
    "image_url": "./static/img/pizzafy.jpg",
    "link": "https://youtube.de",
    "short": "This project was part of the 4th semester at HS-Harz, and the task was to create an android app using Java and Android Studio. I decided to build a fictional pizza app where users can create and customize their own pizzas and order them afterwards",
    "title": "Pizzafy",
    "date": "12.08.2022"
  },
  {
    "_id": {
      "$oid": "63b59e7c53164869ea0f940f"
    },
    "description": "This 3D render shows a minimalistic clean workspace. I created this render as part of a module in the third semester. I had a lot of freedom with this project because the task was just, to create a room that shows a workspace. I used blender for this project and modeld all the object by myself. The textures I took from polyhaven.com. I learnd a lot about modelling and composing the scene in this project.",
    "image_url": "./static/img/3d_workspace.jpg",
    "link": "https://youtube.de",
    "short": "This 3D render shows a minimalistic clean workspace. I created this render as part of a module in the third semester.",
    "title": "3D Workspace",
    "date": "05.02.2022"
  },
  {
    "_id": {
      "$oid": "63b59e7c5b764869ea0f910f"
    },
    "description": "The VR game 'Escape The Pyramid' was created as a group project in the 5th semester, and it was my first experience with VR game development. We used Unity and the OpenXR Toolkit to build the game, which allowed us to create a visually stunning and immersive VR experience. The goal of the game is to escape a pyramid by solving three different riddles. The riddles are challenging but not impossible, and they are designed to test the player's logic and problem-solving skills. The game has a low poly style, which gives it a unique and distinctive look and feel. Working on this project was a great opportunity for me to learn more about VR game development and apply my knowledge of Unity and C# to a real-world project. I was able to improve my skills in game design, programming, and teamwork, and I gained valuable experience working on a complex and challenging project. Overall, I am proud of the work I did on this project and the positive feedback I received from my classmates and instructors. It was a great learning experience for me, and I am excited to continue developing my skills and working on similar projects in the future.",
    "image_url": "./static/img/vr_escape.jpg",
    "link": "https://youtube.de",
    "short": "The VR game 'Escape The Pyramid' was created as a group project in the 5th semester, and it was my first experience with VR game developmen",
    "title": "VR Escape Room",
    "date": "07.01.2023"
  },
  {
    "_id": {
      "$oid": "63b59e7c5b764869ea0f960f"
    },
    "description": "I created a momento mori calendar using javascript, html, and css. The app shows the number of weeks I have left to live, and I used it as an opportunity to practice my skills in vanilla javascript by creating a small application. A momento mori is a reminder of death, and it is often used to encourage people to live their lives to the fullest and appreciate the time they have. My calendar is a unique take on this concept, and it serves as a reminder of my own mortality in a creative and interactive way.",
    "image_url": "./static/img/mementomori.jpg",
    "link": "https://youtube.de",
    "short": "I created a momento mori calendar using javascript, html, and css. The app shows the number of weeks I have left to live, and I used it as an opportunity to practice my skills in vanilla javascript by creating a small application.",
    "title": "Memento Mori",
    "date": "04.01.2023"
  }
]